model,family,N,accuracy,accuracy_ci_low,accuracy_ci_high,mean_confidence,mean_confidence_ci_low,mean_confidence_ci_high,expected_calibration_error,expected_calibration_error_ci_low,expected_calibration_error_ci_high,area_under_risk_coverage,area_under_risk_coverage_ci_low,area_under_risk_coverage_ci_high,brier_score,brier_score_ci_low,brier_score_ci_high,area_under_roc,area_under_roc_ci_low,area_under_roc_ci_high,high_confidence_wrong_rate,high_confidence_wrong_rate_ci_low,high_confidence_wrong_rate_ci_high,parse_success
Dream-org/Dream-v0-Instruct-7B,DLM,2250,0.327556,0.275239,0.379872,0.814756,0.785913,0.843599,0.552906,0.505869,0.599943,0.615926,0.546169,0.685682,0.553503,0.508471,0.598534,0.526573,0.491413,0.561733,0.468444,0.422086,0.514803,0.956000
GSAI-ML/LLaDA-8B-Instruct,DLM,2250,0.293778,0.239002,0.348553,0.972000,0.962692,0.981308,0.680889,0.625483,0.736294,0.633111,0.560013,0.706208,0.677698,0.624666,0.730730,0.454883,0.407994,0.501771,0.699556,0.644951,0.754160,1.000000
google/diffusiongemma-26B-A4B-it,DLM,2250,0.584889,0.526724,0.643054,0.981867,0.977327,0.986406,0.396978,0.339738,0.454217,0.294401,0.217985,0.370817,0.395847,0.340495,0.451198,0.559752,0.527588,0.591916,0.412000,0.354400,0.469600,1.000000
google/gemini-2.5-flash,AR,2250,0.726222,0.673537,0.778907,0.973933,0.969304,0.978563,0.249489,0.197495,0.301483,0.258473,0.193124,0.323823,0.259097,0.209797,0.308397,0.549604,0.506871,0.592338,0.271556,0.219180,0.323931,1.000000
inception/mercury-2,DLM,2250,0.720444,0.668903,0.771986,0.921299,0.905800,0.936798,0.191935,0.151630,0.232240,0.076398,0.050632,0.102164,0.178601,0.144952,0.212250,0.902564,0.869997,0.935132,0.112889,0.085532,0.140246,0.985333
openai/gpt-4.1-mini,AR,2250,0.596889,0.536903,0.656875,0.950244,0.945349,0.955140,0.353356,0.294741,0.411970,0.332432,0.258875,0.405989,0.356790,0.303726,0.409854,0.616909,0.564675,0.669144,0.385778,0.327656,0.443900,1.000000
x-ai/grok-4.3,AR,2250,0.828444,0.784842,0.872047,0.829422,0.810528,0.848317,0.071244,0.047292,0.095197,0.038582,0.020237,0.056928,0.089691,0.069258,0.110124,0.893628,0.850682,0.936574,0.020000,0.006317,0.033683,1.000000
