metric,model_family,prompt_condition,value,N
AURC,AR,cautious,0.24671973806559122,2250
AURC,AR,neutral,0.2650921286483833,2250
AURC,AR,overconfident,0.2861250804935989,2250
BAS,AR,all,0.9582222222222222,6750
AURC,DLM,cautious,0.08507593537570922,750
AURC,DLM,neutral,0.0790148682310288,750
AURC,DLM,overconfident,0.07209459023053535,750
BAS,DLM,all,0.8666666666666667,2250
